"date","city","study_permit_inflow_proxy","source"
2016-01-01,"Hamilton",135,"student_permits_city_proxy_2015_2025_monthly.csv"
2016-02-01,"Hamilton",110,"student_permits_city_proxy_2015_2025_monthly.csv"
2016-03-01,"Hamilton",115,"student_permits_city_proxy_2015_2025_monthly.csv"
2016-04-01,"Hamilton",160,"student_permits_city_proxy_2015_2025_monthly.csv"
2016-05-01,"Hamilton",305,"student_permits_city_proxy_2015_2025_monthly.csv"
2016-06-01,"Hamilton",380,"student_permits_city_proxy_2015_2025_monthly.csv"
2016-07-01,"Hamilton",200,"student_permits_city_proxy_2015_2025_monthly.csv"
2016-08-01,"Hamilton",1080,"student_permits_city_proxy_2015_2025_monthly.csv"
2016-09-01,"Hamilton",440,"student_permits_city_proxy_2015_2025_monthly.csv"
2016-10-01,"Hamilton",110,"student_permits_city_proxy_2015_2025_monthly.csv"
2016-11-01,"Hamilton",155,"student_permits_city_proxy_2015_2025_monthly.csv"
2016-12-01,"Hamilton",690,"student_permits_city_proxy_2015_2025_monthly.csv"
2017-01-01,"Hamilton",185,"student_permits_city_proxy_2015_2025_monthly.csv"
2017-02-01,"Hamilton",85,"student_permits_city_proxy_2015_2025_monthly.csv"
2017-03-01,"Hamilton",80,"student_permits_city_proxy_2015_2025_monthly.csv"
2017-04-01,"Hamilton",110,"student_permits_city_proxy_2015_2025_monthly.csv"
2017-05-01,"Hamilton",185,"student_permits_city_proxy_2015_2025_monthly.csv"
2017-06-01,"Hamilton",240,"student_permits_city_proxy_2015_2025_monthly.csv"
2017-07-01,"Hamilton",405,"student_permits_city_proxy_2015_2025_monthly.csv"
2017-08-01,"Hamilton",1425,"student_permits_city_proxy_2015_2025_monthly.csv"
2017-09-01,"Hamilton",645,"student_permits_city_proxy_2015_2025_monthly.csv"
2017-10-01,"Hamilton",185,"student_permits_city_proxy_2015_2025_monthly.csv"
2017-11-01,"Hamilton",170,"student_permits_city_proxy_2015_2025_monthly.csv"
2017-12-01,"Hamilton",565,"student_permits_city_proxy_2015_2025_monthly.csv"
2018-01-01,"Hamilton",240,"student_permits_city_proxy_2015_2025_monthly.csv"
2018-02-01,"Hamilton",100,"student_permits_city_proxy_2015_2025_monthly.csv"
2018-03-01,"Hamilton",100,"student_permits_city_proxy_2015_2025_monthly.csv"
2018-04-01,"Hamilton",230,"student_permits_city_proxy_2015_2025_monthly.csv"
2018-05-01,"Hamilton",295,"student_permits_city_proxy_2015_2025_monthly.csv"
2018-06-01,"Hamilton",595,"student_permits_city_proxy_2015_2025_monthly.csv"
2018-07-01,"Hamilton",430,"student_permits_city_proxy_2015_2025_monthly.csv"
2018-08-01,"Hamilton",1310,"student_permits_city_proxy_2015_2025_monthly.csv"
2018-09-01,"Hamilton",430,"student_permits_city_proxy_2015_2025_monthly.csv"
2018-10-01,"Hamilton",200,"student_permits_city_proxy_2015_2025_monthly.csv"
2018-11-01,"Hamilton",255,"student_permits_city_proxy_2015_2025_monthly.csv"
2018-12-01,"Hamilton",685,"student_permits_city_proxy_2015_2025_monthly.csv"
2019-01-01,"Hamilton",255,"student_permits_city_proxy_2015_2025_monthly.csv"
2019-02-01,"Hamilton",140,"student_permits_city_proxy_2015_2025_monthly.csv"
2019-03-01,"Hamilton",230,"student_permits_city_proxy_2015_2025_monthly.csv"
2019-04-01,"Hamilton",330,"student_permits_city_proxy_2015_2025_monthly.csv"
2019-05-01,"Hamilton",390,"student_permits_city_proxy_2015_2025_monthly.csv"
2019-06-01,"Hamilton",385,"student_permits_city_proxy_2015_2025_monthly.csv"
2019-07-01,"Hamilton",655,"student_permits_city_proxy_2015_2025_monthly.csv"
2019-08-01,"Hamilton",1865,"student_permits_city_proxy_2015_2025_monthly.csv"
2019-09-01,"Hamilton",485,"student_permits_city_proxy_2015_2025_monthly.csv"
2019-10-01,"Hamilton",175,"student_permits_city_proxy_2015_2025_monthly.csv"
2019-11-01,"Hamilton",135,"student_permits_city_proxy_2015_2025_monthly.csv"
2019-12-01,"Hamilton",760,"student_permits_city_proxy_2015_2025_monthly.csv"
2020-01-01,"Hamilton",235,"student_permits_city_proxy_2015_2025_monthly.csv"
2020-02-01,"Hamilton",100,"student_permits_city_proxy_2015_2025_monthly.csv"
2020-03-01,"Hamilton",95,"student_permits_city_proxy_2015_2025_monthly.csv"
2020-04-01,"Hamilton",235,"student_permits_city_proxy_2015_2025_monthly.csv"
2020-05-01,"Hamilton",490,"student_permits_city_proxy_2015_2025_monthly.csv"
2020-06-01,"Hamilton",295,"student_permits_city_proxy_2015_2025_monthly.csv"
2020-07-01,"Hamilton",240,"student_permits_city_proxy_2015_2025_monthly.csv"
2020-08-01,"Hamilton",750,"student_permits_city_proxy_2015_2025_monthly.csv"
2020-09-01,"Hamilton",915,"student_permits_city_proxy_2015_2025_monthly.csv"
2020-10-01,"Hamilton",165,"student_permits_city_proxy_2015_2025_monthly.csv"
2020-11-01,"Hamilton",145,"student_permits_city_proxy_2015_2025_monthly.csv"
2020-12-01,"Hamilton",245,"student_permits_city_proxy_2015_2025_monthly.csv"
2021-01-01,"Hamilton",245,"student_permits_city_proxy_2015_2025_monthly.csv"
2021-02-01,"Hamilton",185,"student_permits_city_proxy_2015_2025_monthly.csv"
2021-03-01,"Hamilton",235,"student_permits_city_proxy_2015_2025_monthly.csv"
2021-04-01,"Hamilton",375,"student_permits_city_proxy_2015_2025_monthly.csv"
2021-05-01,"Hamilton",430,"student_permits_city_proxy_2015_2025_monthly.csv"
2021-06-01,"Hamilton",505,"student_permits_city_proxy_2015_2025_monthly.csv"
2021-07-01,"Hamilton",515,"student_permits_city_proxy_2015_2025_monthly.csv"
2021-08-01,"Hamilton",1160,"student_permits_city_proxy_2015_2025_monthly.csv"
2021-09-01,"Hamilton",740,"student_permits_city_proxy_2015_2025_monthly.csv"
2021-10-01,"Hamilton",300,"student_permits_city_proxy_2015_2025_monthly.csv"
2021-11-01,"Hamilton",265,"student_permits_city_proxy_2015_2025_monthly.csv"
2021-12-01,"Hamilton",900,"student_permits_city_proxy_2015_2025_monthly.csv"
2022-01-01,"Hamilton",425,"student_permits_city_proxy_2015_2025_monthly.csv"
2022-02-01,"Hamilton",250,"student_permits_city_proxy_2015_2025_monthly.csv"
2022-03-01,"Hamilton",220,"student_permits_city_proxy_2015_2025_monthly.csv"
2022-04-01,"Hamilton",470,"student_permits_city_proxy_2015_2025_monthly.csv"
2022-05-01,"Hamilton",425,"student_permits_city_proxy_2015_2025_monthly.csv"
2022-06-01,"Hamilton",495,"student_permits_city_proxy_2015_2025_monthly.csv"
2022-07-01,"Hamilton",515,"student_permits_city_proxy_2015_2025_monthly.csv"
2022-08-01,"Hamilton",2150,"student_permits_city_proxy_2015_2025_monthly.csv"
2022-09-01,"Hamilton",885,"student_permits_city_proxy_2015_2025_monthly.csv"
2022-10-01,"Hamilton",255,"student_permits_city_proxy_2015_2025_monthly.csv"
2022-11-01,"Hamilton",310,"student_permits_city_proxy_2015_2025_monthly.csv"
2022-12-01,"Hamilton",2185,"student_permits_city_proxy_2015_2025_monthly.csv"
2023-01-01,"Hamilton",400,"student_permits_city_proxy_2015_2025_monthly.csv"
2023-02-01,"Hamilton",245,"student_permits_city_proxy_2015_2025_monthly.csv"
2023-03-01,"Hamilton",295,"student_permits_city_proxy_2015_2025_monthly.csv"
2023-04-01,"Hamilton",1050,"student_permits_city_proxy_2015_2025_monthly.csv"
2023-05-01,"Hamilton",305,"student_permits_city_proxy_2015_2025_monthly.csv"
2023-06-01,"Hamilton",460,"student_permits_city_proxy_2015_2025_monthly.csv"
2023-07-01,"Hamilton",715,"student_permits_city_proxy_2015_2025_monthly.csv"
2023-08-01,"Hamilton",3500,"student_permits_city_proxy_2015_2025_monthly.csv"
2023-09-01,"Hamilton",675,"student_permits_city_proxy_2015_2025_monthly.csv"
2023-10-01,"Hamilton",260,"student_permits_city_proxy_2015_2025_monthly.csv"
2023-11-01,"Hamilton",345,"student_permits_city_proxy_2015_2025_monthly.csv"
2023-12-01,"Hamilton",1725,"student_permits_city_proxy_2015_2025_monthly.csv"
2024-01-01,"Hamilton",580,"student_permits_city_proxy_2015_2025_monthly.csv"
2024-02-01,"Hamilton",310,"student_permits_city_proxy_2015_2025_monthly.csv"
2024-03-01,"Hamilton",350,"student_permits_city_proxy_2015_2025_monthly.csv"
2024-04-01,"Hamilton",760,"student_permits_city_proxy_2015_2025_monthly.csv"
2024-05-01,"Hamilton",335,"student_permits_city_proxy_2015_2025_monthly.csv"
2024-06-01,"Hamilton",340,"student_permits_city_proxy_2015_2025_monthly.csv"
2024-07-01,"Hamilton",430,"student_permits_city_proxy_2015_2025_monthly.csv"
2024-08-01,"Hamilton",1185,"student_permits_city_proxy_2015_2025_monthly.csv"
2024-09-01,"Hamilton",600,"student_permits_city_proxy_2015_2025_monthly.csv"
2024-10-01,"Hamilton",390,"student_permits_city_proxy_2015_2025_monthly.csv"
2024-11-01,"Hamilton",375,"student_permits_city_proxy_2015_2025_monthly.csv"
2024-12-01,"Hamilton",560,"student_permits_city_proxy_2015_2025_monthly.csv"
2016-01-01,"Kitchener-Cambridge-Waterloo",265,"student_permits_city_proxy_2015_2025_monthly.csv"
2016-02-01,"Kitchener-Cambridge-Waterloo",235,"student_permits_city_proxy_2015_2025_monthly.csv"
2016-03-01,"Kitchener-Cambridge-Waterloo",180,"student_permits_city_proxy_2015_2025_monthly.csv"
2016-04-01,"Kitchener-Cambridge-Waterloo",270,"student_permits_city_proxy_2015_2025_monthly.csv"
2016-05-01,"Kitchener-Cambridge-Waterloo",445,"student_permits_city_proxy_2015_2025_monthly.csv"
2016-06-01,"Kitchener-Cambridge-Waterloo",590,"student_permits_city_proxy_2015_2025_monthly.csv"
2016-07-01,"Kitchener-Cambridge-Waterloo",470,"student_permits_city_proxy_2015_2025_monthly.csv"
2016-08-01,"Kitchener-Cambridge-Waterloo",1510,"student_permits_city_proxy_2015_2025_monthly.csv"
2016-09-01,"Kitchener-Cambridge-Waterloo",1020,"student_permits_city_proxy_2015_2025_monthly.csv"
2016-10-01,"Kitchener-Cambridge-Waterloo",325,"student_permits_city_proxy_2015_2025_monthly.csv"
2016-11-01,"Kitchener-Cambridge-Waterloo",375,"student_permits_city_proxy_2015_2025_monthly.csv"
2016-12-01,"Kitchener-Cambridge-Waterloo",665,"student_permits_city_proxy_2015_2025_monthly.csv"
2017-01-01,"Kitchener-Cambridge-Waterloo",220,"student_permits_city_proxy_2015_2025_monthly.csv"
2017-02-01,"Kitchener-Cambridge-Waterloo",185,"student_permits_city_proxy_2015_2025_monthly.csv"
2017-03-01,"Kitchener-Cambridge-Waterloo",220,"student_permits_city_proxy_2015_2025_monthly.csv"
2017-04-01,"Kitchener-Cambridge-Waterloo",385,"student_permits_city_proxy_2015_2025_monthly.csv"
2017-05-01,"Kitchener-Cambridge-Waterloo",395,"student_permits_city_proxy_2015_2025_monthly.csv"
2017-06-01,"Kitchener-Cambridge-Waterloo",315,"student_permits_city_proxy_2015_2025_monthly.csv"
2017-07-01,"Kitchener-Cambridge-Waterloo",715,"student_permits_city_proxy_2015_2025_monthly.csv"
2017-08-01,"Kitchener-Cambridge-Waterloo",2330,"student_permits_city_proxy_2015_2025_monthly.csv"
2017-09-01,"Kitchener-Cambridge-Waterloo",1300,"student_permits_city_proxy_2015_2025_monthly.csv"
2017-10-01,"Kitchener-Cambridge-Waterloo",460,"student_permits_city_proxy_2015_2025_monthly.csv"
2017-11-01,"Kitchener-Cambridge-Waterloo",365,"student_permits_city_proxy_2015_2025_monthly.csv"
2017-12-01,"Kitchener-Cambridge-Waterloo",935,"student_permits_city_proxy_2015_2025_monthly.csv"
2018-01-01,"Kitchener-Cambridge-Waterloo",445,"student_permits_city_proxy_2015_2025_monthly.csv"
2018-02-01,"Kitchener-Cambridge-Waterloo",265,"student_permits_city_proxy_2015_2025_monthly.csv"
2018-03-01,"Kitchener-Cambridge-Waterloo",405,"student_permits_city_proxy_2015_2025_monthly.csv"
2018-04-01,"Kitchener-Cambridge-Waterloo",1220,"student_permits_city_proxy_2015_2025_monthly.csv"
2018-05-01,"Kitchener-Cambridge-Waterloo",600,"student_permits_city_proxy_2015_2025_monthly.csv"
2018-06-01,"Kitchener-Cambridge-Waterloo",975,"student_permits_city_proxy_2015_2025_monthly.csv"
2018-07-01,"Kitchener-Cambridge-Waterloo",840,"student_permits_city_proxy_2015_2025_monthly.csv"
2018-08-01,"Kitchener-Cambridge-Waterloo",3000,"student_permits_city_proxy_2015_2025_monthly.csv"
2018-09-01,"Kitchener-Cambridge-Waterloo",1190,"student_permits_city_proxy_2015_2025_monthly.csv"
2018-10-01,"Kitchener-Cambridge-Waterloo",375,"student_permits_city_proxy_2015_2025_monthly.csv"
2018-11-01,"Kitchener-Cambridge-Waterloo",690,"student_permits_city_proxy_2015_2025_monthly.csv"
2018-12-01,"Kitchener-Cambridge-Waterloo",1430,"student_permits_city_proxy_2015_2025_monthly.csv"
2019-01-01,"Kitchener-Cambridge-Waterloo",510,"student_permits_city_proxy_2015_2025_monthly.csv"
2019-02-01,"Kitchener-Cambridge-Waterloo",510,"student_permits_city_proxy_2015_2025_monthly.csv"
2019-03-01,"Kitchener-Cambridge-Waterloo",540,"student_permits_city_proxy_2015_2025_monthly.csv"
2019-04-01,"Kitchener-Cambridge-Waterloo",1475,"student_permits_city_proxy_2015_2025_monthly.csv"
2019-05-01,"Kitchener-Cambridge-Waterloo",890,"student_permits_city_proxy_2015_2025_monthly.csv"
2019-06-01,"Kitchener-Cambridge-Waterloo",695,"student_permits_city_proxy_2015_2025_monthly.csv"
2019-07-01,"Kitchener-Cambridge-Waterloo",985,"student_permits_city_proxy_2015_2025_monthly.csv"
2019-08-01,"Kitchener-Cambridge-Waterloo",4670,"student_permits_city_proxy_2015_2025_monthly.csv"
2019-09-01,"Kitchener-Cambridge-Waterloo",1060,"student_permits_city_proxy_2015_2025_monthly.csv"
2019-10-01,"Kitchener-Cambridge-Waterloo",340,"student_permits_city_proxy_2015_2025_monthly.csv"
2019-11-01,"Kitchener-Cambridge-Waterloo",300,"student_permits_city_proxy_2015_2025_monthly.csv"
2019-12-01,"Kitchener-Cambridge-Waterloo",2100,"student_permits_city_proxy_2015_2025_monthly.csv"
2020-01-01,"Kitchener-Cambridge-Waterloo",745,"student_permits_city_proxy_2015_2025_monthly.csv"
2020-02-01,"Kitchener-Cambridge-Waterloo",255,"student_permits_city_proxy_2015_2025_monthly.csv"
2020-03-01,"Kitchener-Cambridge-Waterloo",220,"student_permits_city_proxy_2015_2025_monthly.csv"
2020-04-01,"Kitchener-Cambridge-Waterloo",640,"student_permits_city_proxy_2015_2025_monthly.csv"
2020-05-01,"Kitchener-Cambridge-Waterloo",1090,"student_permits_city_proxy_2015_2025_monthly.csv"
2020-06-01,"Kitchener-Cambridge-Waterloo",680,"student_permits_city_proxy_2015_2025_monthly.csv"
2020-07-01,"Kitchener-Cambridge-Waterloo",470,"student_permits_city_proxy_2015_2025_monthly.csv"
2020-08-01,"Kitchener-Cambridge-Waterloo",1630,"student_permits_city_proxy_2015_2025_monthly.csv"
2020-09-01,"Kitchener-Cambridge-Waterloo",1745,"student_permits_city_proxy_2015_2025_monthly.csv"
2020-10-01,"Kitchener-Cambridge-Waterloo",395,"student_permits_city_proxy_2015_2025_monthly.csv"
2020-11-01,"Kitchener-Cambridge-Waterloo",415,"student_permits_city_proxy_2015_2025_monthly.csv"
2020-12-01,"Kitchener-Cambridge-Waterloo",700,"student_permits_city_proxy_2015_2025_monthly.csv"
2021-01-01,"Kitchener-Cambridge-Waterloo",935,"student_permits_city_proxy_2015_2025_monthly.csv"
2021-02-01,"Kitchener-Cambridge-Waterloo",650,"student_permits_city_proxy_2015_2025_monthly.csv"
2021-03-01,"Kitchener-Cambridge-Waterloo",945,"student_permits_city_proxy_2015_2025_monthly.csv"
2021-04-01,"Kitchener-Cambridge-Waterloo",1265,"student_permits_city_proxy_2015_2025_monthly.csv"
2021-05-01,"Kitchener-Cambridge-Waterloo",810,"student_permits_city_proxy_2015_2025_monthly.csv"
2021-06-01,"Kitchener-Cambridge-Waterloo",1260,"student_permits_city_proxy_2015_2025_monthly.csv"
2021-07-01,"Kitchener-Cambridge-Waterloo",1835,"student_permits_city_proxy_2015_2025_monthly.csv"
2021-08-01,"Kitchener-Cambridge-Waterloo",3825,"student_permits_city_proxy_2015_2025_monthly.csv"
2021-09-01,"Kitchener-Cambridge-Waterloo",3585,"student_permits_city_proxy_2015_2025_monthly.csv"
2021-10-01,"Kitchener-Cambridge-Waterloo",1215,"student_permits_city_proxy_2015_2025_monthly.csv"
2021-11-01,"Kitchener-Cambridge-Waterloo",710,"student_permits_city_proxy_2015_2025_monthly.csv"
2021-12-01,"Kitchener-Cambridge-Waterloo",2125,"student_permits_city_proxy_2015_2025_monthly.csv"
2022-01-01,"Kitchener-Cambridge-Waterloo",1155,"student_permits_city_proxy_2015_2025_monthly.csv"
2022-02-01,"Kitchener-Cambridge-Waterloo",1075,"student_permits_city_proxy_2015_2025_monthly.csv"
2022-03-01,"Kitchener-Cambridge-Waterloo",1110,"student_permits_city_proxy_2015_2025_monthly.csv"
2022-04-01,"Kitchener-Cambridge-Waterloo",1860,"student_permits_city_proxy_2015_2025_monthly.csv"
2022-05-01,"Kitchener-Cambridge-Waterloo",1790,"student_permits_city_proxy_2015_2025_monthly.csv"
2022-06-01,"Kitchener-Cambridge-Waterloo",1435,"student_permits_city_proxy_2015_2025_monthly.csv"
2022-07-01,"Kitchener-Cambridge-Waterloo",1310,"student_permits_city_proxy_2015_2025_monthly.csv"
2022-08-01,"Kitchener-Cambridge-Waterloo",4665,"student_permits_city_proxy_2015_2025_monthly.csv"
2022-09-01,"Kitchener-Cambridge-Waterloo",3165,"student_permits_city_proxy_2015_2025_monthly.csv"
2022-10-01,"Kitchener-Cambridge-Waterloo",1210,"student_permits_city_proxy_2015_2025_monthly.csv"
2022-11-01,"Kitchener-Cambridge-Waterloo",845,"student_permits_city_proxy_2015_2025_monthly.csv"
2022-12-01,"Kitchener-Cambridge-Waterloo",6520,"student_permits_city_proxy_2015_2025_monthly.csv"
2023-01-01,"Kitchener-Cambridge-Waterloo",1795,"student_permits_city_proxy_2015_2025_monthly.csv"
2023-02-01,"Kitchener-Cambridge-Waterloo",765,"student_permits_city_proxy_2015_2025_monthly.csv"
2023-03-01,"Kitchener-Cambridge-Waterloo",825,"student_permits_city_proxy_2015_2025_monthly.csv"
2023-04-01,"Kitchener-Cambridge-Waterloo",5930,"student_permits_city_proxy_2015_2025_monthly.csv"
2023-05-01,"Kitchener-Cambridge-Waterloo",2655,"student_permits_city_proxy_2015_2025_monthly.csv"
2023-06-01,"Kitchener-Cambridge-Waterloo",1040,"student_permits_city_proxy_2015_2025_monthly.csv"
2023-07-01,"Kitchener-Cambridge-Waterloo",1920,"student_permits_city_proxy_2015_2025_monthly.csv"
2023-08-01,"Kitchener-Cambridge-Waterloo",11380,"student_permits_city_proxy_2015_2025_monthly.csv"
2023-09-01,"Kitchener-Cambridge-Waterloo",2875,"student_permits_city_proxy_2015_2025_monthly.csv"
2023-10-01,"Kitchener-Cambridge-Waterloo",635,"student_permits_city_proxy_2015_2025_monthly.csv"
2023-11-01,"Kitchener-Cambridge-Waterloo",940,"student_permits_city_proxy_2015_2025_monthly.csv"
2023-12-01,"Kitchener-Cambridge-Waterloo",7160,"student_permits_city_proxy_2015_2025_monthly.csv"
2024-01-01,"Kitchener-Cambridge-Waterloo",2025,"student_permits_city_proxy_2015_2025_monthly.csv"
2024-02-01,"Kitchener-Cambridge-Waterloo",940,"student_permits_city_proxy_2015_2025_monthly.csv"
2024-03-01,"Kitchener-Cambridge-Waterloo",1455,"student_permits_city_proxy_2015_2025_monthly.csv"
2024-04-01,"Kitchener-Cambridge-Waterloo",3435,"student_permits_city_proxy_2015_2025_monthly.csv"
2024-05-01,"Kitchener-Cambridge-Waterloo",1050,"student_permits_city_proxy_2015_2025_monthly.csv"
2024-06-01,"Kitchener-Cambridge-Waterloo",925,"student_permits_city_proxy_2015_2025_monthly.csv"
2024-07-01,"Kitchener-Cambridge-Waterloo",1215,"student_permits_city_proxy_2015_2025_monthly.csv"
2024-08-01,"Kitchener-Cambridge-Waterloo",4320,"student_permits_city_proxy_2015_2025_monthly.csv"
2024-09-01,"Kitchener-Cambridge-Waterloo",1835,"student_permits_city_proxy_2015_2025_monthly.csv"
2024-10-01,"Kitchener-Cambridge-Waterloo",1160,"student_permits_city_proxy_2015_2025_monthly.csv"
2024-11-01,"Kitchener-Cambridge-Waterloo",1250,"student_permits_city_proxy_2015_2025_monthly.csv"
2024-12-01,"Kitchener-Cambridge-Waterloo",2685,"student_permits_city_proxy_2015_2025_monthly.csv"
2016-01-01,"London",235,"student_permits_city_proxy_2015_2025_monthly.csv"
2016-02-01,"London",220,"student_permits_city_proxy_2015_2025_monthly.csv"
2016-03-01,"London",210,"student_permits_city_proxy_2015_2025_monthly.csv"
2016-04-01,"London",350,"student_permits_city_proxy_2015_2025_monthly.csv"
2016-05-01,"London",345,"student_permits_city_proxy_2015_2025_monthly.csv"
2016-06-01,"London",410,"student_permits_city_proxy_2015_2025_monthly.csv"
2016-07-01,"London",275,"student_permits_city_proxy_2015_2025_monthly.csv"
2016-08-01,"London",1295,"student_permits_city_proxy_2015_2025_monthly.csv"
2016-09-01,"London",795,"student_permits_city_proxy_2015_2025_monthly.csv"
2016-10-01,"London",175,"student_permits_city_proxy_2015_2025_monthly.csv"
2016-11-01,"London",285,"student_permits_city_proxy_2015_2025_monthly.csv"
2016-12-01,"London",1100,"student_permits_city_proxy_2015_2025_monthly.csv"
2017-01-01,"London",190,"student_permits_city_proxy_2015_2025_monthly.csv"
2017-02-01,"London",120,"student_permits_city_proxy_2015_2025_monthly.csv"
2017-03-01,"London",205,"student_permits_city_proxy_2015_2025_monthly.csv"
2017-04-01,"London",405,"student_permits_city_proxy_2015_2025_monthly.csv"
2017-05-01,"London",335,"student_permits_city_proxy_2015_2025_monthly.csv"
2017-06-01,"London",270,"student_permits_city_proxy_2015_2025_monthly.csv"
2017-07-01,"London",445,"student_permits_city_proxy_2015_2025_monthly.csv"
2017-08-01,"London",1875,"student_permits_city_proxy_2015_2025_monthly.csv"
2017-09-01,"London",740,"student_permits_city_proxy_2015_2025_monthly.csv"
2017-10-01,"London",325,"student_permits_city_proxy_2015_2025_monthly.csv"
2017-11-01,"London",395,"student_permits_city_proxy_2015_2025_monthly.csv"
2017-12-01,"London",1045,"student_permits_city_proxy_2015_2025_monthly.csv"
2018-01-01,"London",475,"student_permits_city_proxy_2015_2025_monthly.csv"
2018-02-01,"London",185,"student_permits_city_proxy_2015_2025_monthly.csv"
2018-03-01,"London",245,"student_permits_city_proxy_2015_2025_monthly.csv"
2018-04-01,"London",735,"student_permits_city_proxy_2015_2025_monthly.csv"
2018-05-01,"London",510,"student_permits_city_proxy_2015_2025_monthly.csv"
2018-06-01,"London",620,"student_permits_city_proxy_2015_2025_monthly.csv"
2018-07-01,"London",480,"student_permits_city_proxy_2015_2025_monthly.csv"
2018-08-01,"London",2220,"student_permits_city_proxy_2015_2025_monthly.csv"
2018-09-01,"London",620,"student_permits_city_proxy_2015_2025_monthly.csv"
2018-10-01,"London",270,"student_permits_city_proxy_2015_2025_monthly.csv"
2018-11-01,"London",480,"student_permits_city_proxy_2015_2025_monthly.csv"
2018-12-01,"London",1350,"student_permits_city_proxy_2015_2025_monthly.csv"
2019-01-01,"London",550,"student_permits_city_proxy_2015_2025_monthly.csv"
2019-02-01,"London",280,"student_permits_city_proxy_2015_2025_monthly.csv"
2019-03-01,"London",395,"student_permits_city_proxy_2015_2025_monthly.csv"
2019-04-01,"London",890,"student_permits_city_proxy_2015_2025_monthly.csv"
2019-05-01,"London",535,"student_permits_city_proxy_2015_2025_monthly.csv"
2019-06-01,"London",390,"student_permits_city_proxy_2015_2025_monthly.csv"
2019-07-01,"London",625,"student_permits_city_proxy_2015_2025_monthly.csv"
2019-08-01,"London",3000,"student_permits_city_proxy_2015_2025_monthly.csv"
2019-09-01,"London",855,"student_permits_city_proxy_2015_2025_monthly.csv"
2019-10-01,"London",255,"student_permits_city_proxy_2015_2025_monthly.csv"
2019-11-01,"London",235,"student_permits_city_proxy_2015_2025_monthly.csv"
2019-12-01,"London",1400,"student_permits_city_proxy_2015_2025_monthly.csv"
2020-01-01,"London",395,"student_permits_city_proxy_2015_2025_monthly.csv"
2020-02-01,"London",255,"student_permits_city_proxy_2015_2025_monthly.csv"
2020-03-01,"London",225,"student_permits_city_proxy_2015_2025_monthly.csv"
2020-04-01,"London",455,"student_permits_city_proxy_2015_2025_monthly.csv"
2020-05-01,"London",860,"student_permits_city_proxy_2015_2025_monthly.csv"
2020-06-01,"London",505,"student_permits_city_proxy_2015_2025_monthly.csv"
2020-07-01,"London",325,"student_permits_city_proxy_2015_2025_monthly.csv"
2020-08-01,"London",960,"student_permits_city_proxy_2015_2025_monthly.csv"
2020-09-01,"London",1355,"student_permits_city_proxy_2015_2025_monthly.csv"
2020-10-01,"London",390,"student_permits_city_proxy_2015_2025_monthly.csv"
2020-11-01,"London",300,"student_permits_city_proxy_2015_2025_monthly.csv"
2020-12-01,"London",595,"student_permits_city_proxy_2015_2025_monthly.csv"
2021-01-01,"London",510,"student_permits_city_proxy_2015_2025_monthly.csv"
2021-02-01,"London",375,"student_permits_city_proxy_2015_2025_monthly.csv"
2021-03-01,"London",495,"student_permits_city_proxy_2015_2025_monthly.csv"
2021-04-01,"London",995,"student_permits_city_proxy_2015_2025_monthly.csv"
2021-05-01,"London",575,"student_permits_city_proxy_2015_2025_monthly.csv"
2021-06-01,"London",765,"student_permits_city_proxy_2015_2025_monthly.csv"
2021-07-01,"London",795,"student_permits_city_proxy_2015_2025_monthly.csv"
2021-08-01,"London",2460,"student_permits_city_proxy_2015_2025_monthly.csv"
2021-09-01,"London",1435,"student_permits_city_proxy_2015_2025_monthly.csv"
2021-10-01,"London",480,"student_permits_city_proxy_2015_2025_monthly.csv"
2021-11-01,"London",375,"student_permits_city_proxy_2015_2025_monthly.csv"
2021-12-01,"London",1610,"student_permits_city_proxy_2015_2025_monthly.csv"
2022-01-01,"London",720,"student_permits_city_proxy_2015_2025_monthly.csv"
2022-02-01,"London",550,"student_permits_city_proxy_2015_2025_monthly.csv"
2022-03-01,"London",450,"student_permits_city_proxy_2015_2025_monthly.csv"
2022-04-01,"London",1300,"student_permits_city_proxy_2015_2025_monthly.csv"
2022-05-01,"London",685,"student_permits_city_proxy_2015_2025_monthly.csv"
2022-06-01,"London",660,"student_permits_city_proxy_2015_2025_monthly.csv"
2022-07-01,"London",720,"student_permits_city_proxy_2015_2025_monthly.csv"
2022-08-01,"London",3275,"student_permits_city_proxy_2015_2025_monthly.csv"
2022-09-01,"London",1120,"student_permits_city_proxy_2015_2025_monthly.csv"
2022-10-01,"London",330,"student_permits_city_proxy_2015_2025_monthly.csv"
2022-11-01,"London",465,"student_permits_city_proxy_2015_2025_monthly.csv"
2022-12-01,"London",2690,"student_permits_city_proxy_2015_2025_monthly.csv"
2023-01-01,"London",590,"student_permits_city_proxy_2015_2025_monthly.csv"
2023-02-01,"London",425,"student_permits_city_proxy_2015_2025_monthly.csv"
2023-03-01,"London",500,"student_permits_city_proxy_2015_2025_monthly.csv"
2023-04-01,"London",2000,"student_permits_city_proxy_2015_2025_monthly.csv"
2023-05-01,"London",360,"student_permits_city_proxy_2015_2025_monthly.csv"
2023-06-01,"London",585,"student_permits_city_proxy_2015_2025_monthly.csv"
2023-07-01,"London",1035,"student_permits_city_proxy_2015_2025_monthly.csv"
2023-08-01,"London",4060,"student_permits_city_proxy_2015_2025_monthly.csv"
2023-09-01,"London",940,"student_permits_city_proxy_2015_2025_monthly.csv"
2023-10-01,"London",335,"student_permits_city_proxy_2015_2025_monthly.csv"
2023-11-01,"London",545,"student_permits_city_proxy_2015_2025_monthly.csv"
2023-12-01,"London",2595,"student_permits_city_proxy_2015_2025_monthly.csv"
2024-01-01,"London",620,"student_permits_city_proxy_2015_2025_monthly.csv"
2024-02-01,"London",570,"student_permits_city_proxy_2015_2025_monthly.csv"
2024-03-01,"London",690,"student_permits_city_proxy_2015_2025_monthly.csv"
2024-04-01,"London",1310,"student_permits_city_proxy_2015_2025_monthly.csv"
2024-05-01,"London",470,"student_permits_city_proxy_2015_2025_monthly.csv"
2024-06-01,"London",595,"student_permits_city_proxy_2015_2025_monthly.csv"
2024-07-01,"London",680,"student_permits_city_proxy_2015_2025_monthly.csv"
2024-08-01,"London",2435,"student_permits_city_proxy_2015_2025_monthly.csv"
2024-09-01,"London",795,"student_permits_city_proxy_2015_2025_monthly.csv"
2024-10-01,"London",470,"student_permits_city_proxy_2015_2025_monthly.csv"
2024-11-01,"London",570,"student_permits_city_proxy_2015_2025_monthly.csv"
2024-12-01,"London",1510,"student_permits_city_proxy_2015_2025_monthly.csv"
2016-01-01,"Ottawa-Gatineau",400,"student_permits_city_proxy_2015_2025_monthly.csv"
2016-02-01,"Ottawa-Gatineau",295,"student_permits_city_proxy_2015_2025_monthly.csv"
2016-03-01,"Ottawa-Gatineau",255,"student_permits_city_proxy_2015_2025_monthly.csv"
2016-04-01,"Ottawa-Gatineau",275,"student_permits_city_proxy_2015_2025_monthly.csv"
2016-05-01,"Ottawa-Gatineau",415,"student_permits_city_proxy_2015_2025_monthly.csv"
2016-06-01,"Ottawa-Gatineau",520,"student_permits_city_proxy_2015_2025_monthly.csv"
2016-07-01,"Ottawa-Gatineau",410,"student_permits_city_proxy_2015_2025_monthly.csv"
2016-08-01,"Ottawa-Gatineau",1765,"student_permits_city_proxy_2015_2025_monthly.csv"
2016-09-01,"Ottawa-Gatineau",955,"student_permits_city_proxy_2015_2025_monthly.csv"
2016-10-01,"Ottawa-Gatineau",310,"student_permits_city_proxy_2015_2025_monthly.csv"
2016-11-01,"Ottawa-Gatineau",300,"student_permits_city_proxy_2015_2025_monthly.csv"
2016-12-01,"Ottawa-Gatineau",685,"student_permits_city_proxy_2015_2025_monthly.csv"
2017-01-01,"Ottawa-Gatineau",320,"student_permits_city_proxy_2015_2025_monthly.csv"
2017-02-01,"Ottawa-Gatineau",180,"student_permits_city_proxy_2015_2025_monthly.csv"
2017-03-01,"Ottawa-Gatineau",195,"student_permits_city_proxy_2015_2025_monthly.csv"
2017-04-01,"Ottawa-Gatineau",195,"student_permits_city_proxy_2015_2025_monthly.csv"
2017-05-01,"Ottawa-Gatineau",355,"student_permits_city_proxy_2015_2025_monthly.csv"
2017-06-01,"Ottawa-Gatineau",370,"student_permits_city_proxy_2015_2025_monthly.csv"
2017-07-01,"Ottawa-Gatineau",485,"student_permits_city_proxy_2015_2025_monthly.csv"
2017-08-01,"Ottawa-Gatineau",2210,"student_permits_city_proxy_2015_2025_monthly.csv"
2017-09-01,"Ottawa-Gatineau",1195,"student_permits_city_proxy_2015_2025_monthly.csv"
2017-10-01,"Ottawa-Gatineau",415,"student_permits_city_proxy_2015_2025_monthly.csv"
2017-11-01,"Ottawa-Gatineau",375,"student_permits_city_proxy_2015_2025_monthly.csv"
2017-12-01,"Ottawa-Gatineau",820,"student_permits_city_proxy_2015_2025_monthly.csv"
2018-01-01,"Ottawa-Gatineau",525,"student_permits_city_proxy_2015_2025_monthly.csv"
2018-02-01,"Ottawa-Gatineau",220,"student_permits_city_proxy_2015_2025_monthly.csv"
2018-03-01,"Ottawa-Gatineau",210,"student_permits_city_proxy_2015_2025_monthly.csv"
2018-04-01,"Ottawa-Gatineau",460,"student_permits_city_proxy_2015_2025_monthly.csv"
2018-05-01,"Ottawa-Gatineau",545,"student_permits_city_proxy_2015_2025_monthly.csv"
2018-06-01,"Ottawa-Gatineau",750,"student_permits_city_proxy_2015_2025_monthly.csv"
2018-07-01,"Ottawa-Gatineau",550,"student_permits_city_proxy_2015_2025_monthly.csv"
2018-08-01,"Ottawa-Gatineau",2390,"student_permits_city_proxy_2015_2025_monthly.csv"
2018-09-01,"Ottawa-Gatineau",1100,"student_permits_city_proxy_2015_2025_monthly.csv"
2018-10-01,"Ottawa-Gatineau",415,"student_permits_city_proxy_2015_2025_monthly.csv"
2018-11-01,"Ottawa-Gatineau",455,"student_permits_city_proxy_2015_2025_monthly.csv"
2018-12-01,"Ottawa-Gatineau",910,"student_permits_city_proxy_2015_2025_monthly.csv"
2019-01-01,"Ottawa-Gatineau",670,"student_permits_city_proxy_2015_2025_monthly.csv"
2019-02-01,"Ottawa-Gatineau",325,"student_permits_city_proxy_2015_2025_monthly.csv"
2019-03-01,"Ottawa-Gatineau",445,"student_permits_city_proxy_2015_2025_monthly.csv"
2019-04-01,"Ottawa-Gatineau",665,"student_permits_city_proxy_2015_2025_monthly.csv"
2019-05-01,"Ottawa-Gatineau",640,"student_permits_city_proxy_2015_2025_monthly.csv"
2019-06-01,"Ottawa-Gatineau",610,"student_permits_city_proxy_2015_2025_monthly.csv"
2019-07-01,"Ottawa-Gatineau",860,"student_permits_city_proxy_2015_2025_monthly.csv"
2019-08-01,"Ottawa-Gatineau",3130,"student_permits_city_proxy_2015_2025_monthly.csv"
2019-09-01,"Ottawa-Gatineau",1195,"student_permits_city_proxy_2015_2025_monthly.csv"
2019-10-01,"Ottawa-Gatineau",350,"student_permits_city_proxy_2015_2025_monthly.csv"
2019-11-01,"Ottawa-Gatineau",275,"student_permits_city_proxy_2015_2025_monthly.csv"
2019-12-01,"Ottawa-Gatineau",860,"student_permits_city_proxy_2015_2025_monthly.csv"
2020-01-01,"Ottawa-Gatineau",425,"student_permits_city_proxy_2015_2025_monthly.csv"
2020-02-01,"Ottawa-Gatineau",190,"student_permits_city_proxy_2015_2025_monthly.csv"
2020-03-01,"Ottawa-Gatineau",200,"student_permits_city_proxy_2015_2025_monthly.csv"
2020-04-01,"Ottawa-Gatineau",495,"student_permits_city_proxy_2015_2025_monthly.csv"
2020-05-01,"Ottawa-Gatineau",800,"student_permits_city_proxy_2015_2025_monthly.csv"
2020-06-01,"Ottawa-Gatineau",460,"student_permits_city_proxy_2015_2025_monthly.csv"
2020-07-01,"Ottawa-Gatineau",405,"student_permits_city_proxy_2015_2025_monthly.csv"
2020-08-01,"Ottawa-Gatineau",1080,"student_permits_city_proxy_2015_2025_monthly.csv"
2020-09-01,"Ottawa-Gatineau",1445,"student_permits_city_proxy_2015_2025_monthly.csv"
2020-10-01,"Ottawa-Gatineau",340,"student_permits_city_proxy_2015_2025_monthly.csv"
2020-11-01,"Ottawa-Gatineau",340,"student_permits_city_proxy_2015_2025_monthly.csv"
2020-12-01,"Ottawa-Gatineau",545,"student_permits_city_proxy_2015_2025_monthly.csv"
2021-01-01,"Ottawa-Gatineau",595,"student_permits_city_proxy_2015_2025_monthly.csv"
2021-02-01,"Ottawa-Gatineau",385,"student_permits_city_proxy_2015_2025_monthly.csv"
2021-03-01,"Ottawa-Gatineau",535,"student_permits_city_proxy_2015_2025_monthly.csv"
2021-04-01,"Ottawa-Gatineau",575,"student_permits_city_proxy_2015_2025_monthly.csv"
2021-05-01,"Ottawa-Gatineau",705,"student_permits_city_proxy_2015_2025_monthly.csv"
2021-06-01,"Ottawa-Gatineau",730,"student_permits_city_proxy_2015_2025_monthly.csv"
2021-07-01,"Ottawa-Gatineau",790,"student_permits_city_proxy_2015_2025_monthly.csv"
2021-08-01,"Ottawa-Gatineau",2005,"student_permits_city_proxy_2015_2025_monthly.csv"
2021-09-01,"Ottawa-Gatineau",1410,"student_permits_city_proxy_2015_2025_monthly.csv"
2021-10-01,"Ottawa-Gatineau",705,"student_permits_city_proxy_2015_2025_monthly.csv"
2021-11-01,"Ottawa-Gatineau",435,"student_permits_city_proxy_2015_2025_monthly.csv"
2021-12-01,"Ottawa-Gatineau",970,"student_permits_city_proxy_2015_2025_monthly.csv"
2022-01-01,"Ottawa-Gatineau",760,"student_permits_city_proxy_2015_2025_monthly.csv"
2022-02-01,"Ottawa-Gatineau",510,"student_permits_city_proxy_2015_2025_monthly.csv"
2022-03-01,"Ottawa-Gatineau",515,"student_permits_city_proxy_2015_2025_monthly.csv"
2022-04-01,"Ottawa-Gatineau",615,"student_permits_city_proxy_2015_2025_monthly.csv"
2022-05-01,"Ottawa-Gatineau",830,"student_permits_city_proxy_2015_2025_monthly.csv"
2022-06-01,"Ottawa-Gatineau",815,"student_permits_city_proxy_2015_2025_monthly.csv"
2022-07-01,"Ottawa-Gatineau",885,"student_permits_city_proxy_2015_2025_monthly.csv"
2022-08-01,"Ottawa-Gatineau",3220,"student_permits_city_proxy_2015_2025_monthly.csv"
2022-09-01,"Ottawa-Gatineau",2040,"student_permits_city_proxy_2015_2025_monthly.csv"
2022-10-01,"Ottawa-Gatineau",505,"student_permits_city_proxy_2015_2025_monthly.csv"
2022-11-01,"Ottawa-Gatineau",465,"student_permits_city_proxy_2015_2025_monthly.csv"
2022-12-01,"Ottawa-Gatineau",1620,"student_permits_city_proxy_2015_2025_monthly.csv"
2023-01-01,"Ottawa-Gatineau",925,"student_permits_city_proxy_2015_2025_monthly.csv"
2023-02-01,"Ottawa-Gatineau",435,"student_permits_city_proxy_2015_2025_monthly.csv"
2023-03-01,"Ottawa-Gatineau",540,"student_permits_city_proxy_2015_2025_monthly.csv"
2023-04-01,"Ottawa-Gatineau",1190,"student_permits_city_proxy_2015_2025_monthly.csv"
2023-05-01,"Ottawa-Gatineau",705,"student_permits_city_proxy_2015_2025_monthly.csv"
2023-06-01,"Ottawa-Gatineau",810,"student_permits_city_proxy_2015_2025_monthly.csv"
2023-07-01,"Ottawa-Gatineau",1185,"student_permits_city_proxy_2015_2025_monthly.csv"
2023-08-01,"Ottawa-Gatineau",3965,"student_permits_city_proxy_2015_2025_monthly.csv"
2023-09-01,"Ottawa-Gatineau",1820,"student_permits_city_proxy_2015_2025_monthly.csv"
2023-10-01,"Ottawa-Gatineau",495,"student_permits_city_proxy_2015_2025_monthly.csv"
2023-11-01,"Ottawa-Gatineau",505,"student_permits_city_proxy_2015_2025_monthly.csv"
2023-12-01,"Ottawa-Gatineau",2055,"student_permits_city_proxy_2015_2025_monthly.csv"
2024-01-01,"Ottawa-Gatineau",1100,"student_permits_city_proxy_2015_2025_monthly.csv"
2024-02-01,"Ottawa-Gatineau",565,"student_permits_city_proxy_2015_2025_monthly.csv"
2024-03-01,"Ottawa-Gatineau",710,"student_permits_city_proxy_2015_2025_monthly.csv"
2024-04-01,"Ottawa-Gatineau",1035,"student_permits_city_proxy_2015_2025_monthly.csv"
2024-05-01,"Ottawa-Gatineau",490,"student_permits_city_proxy_2015_2025_monthly.csv"
2024-06-01,"Ottawa-Gatineau",565,"student_permits_city_proxy_2015_2025_monthly.csv"
2024-07-01,"Ottawa-Gatineau",765,"student_permits_city_proxy_2015_2025_monthly.csv"
2024-08-01,"Ottawa-Gatineau",2370,"student_permits_city_proxy_2015_2025_monthly.csv"
2024-09-01,"Ottawa-Gatineau",1025,"student_permits_city_proxy_2015_2025_monthly.csv"
2024-10-01,"Ottawa-Gatineau",605,"student_permits_city_proxy_2015_2025_monthly.csv"
2024-11-01,"Ottawa-Gatineau",595,"student_permits_city_proxy_2015_2025_monthly.csv"
2024-12-01,"Ottawa-Gatineau",995,"student_permits_city_proxy_2015_2025_monthly.csv"
2016-01-01,"St. Catharines-Niagara",240,"study permits.csv supplement"
2016-02-01,"St. Catharines-Niagara",165,"study permits.csv supplement"
2016-03-01,"St. Catharines-Niagara",140,"study permits.csv supplement"
2016-04-01,"St. Catharines-Niagara",190,"study permits.csv supplement"
2016-05-01,"St. Catharines-Niagara",320,"study permits.csv supplement"
2016-06-01,"St. Catharines-Niagara",235,"study permits.csv supplement"
2016-07-01,"St. Catharines-Niagara",215,"study permits.csv supplement"
2016-08-01,"St. Catharines-Niagara",690,"study permits.csv supplement"
2016-09-01,"St. Catharines-Niagara",490,"study permits.csv supplement"
2016-10-01,"St. Catharines-Niagara",130,"study permits.csv supplement"
2016-11-01,"St. Catharines-Niagara",190,"study permits.csv supplement"
2016-12-01,"St. Catharines-Niagara",625,"study permits.csv supplement"
2017-01-01,"St. Catharines-Niagara",305,"study permits.csv supplement"
2017-02-01,"St. Catharines-Niagara",85,"study permits.csv supplement"
2017-03-01,"St. Catharines-Niagara",130,"study permits.csv supplement"
2017-04-01,"St. Catharines-Niagara",220,"study permits.csv supplement"
2017-05-01,"St. Catharines-Niagara",435,"study permits.csv supplement"
2017-06-01,"St. Catharines-Niagara",195,"study permits.csv supplement"
2017-07-01,"St. Catharines-Niagara",370,"study permits.csv supplement"
2017-08-01,"St. Catharines-Niagara",925,"study permits.csv supplement"
2017-09-01,"St. Catharines-Niagara",530,"study permits.csv supplement"
2017-10-01,"St. Catharines-Niagara",190,"study permits.csv supplement"
2017-11-01,"St. Catharines-Niagara",185,"study permits.csv supplement"
2017-12-01,"St. Catharines-Niagara",550,"study permits.csv supplement"
2018-01-01,"St. Catharines-Niagara",350,"study permits.csv supplement"
2018-02-01,"St. Catharines-Niagara",125,"study permits.csv supplement"
2018-03-01,"St. Catharines-Niagara",215,"study permits.csv supplement"
2018-04-01,"St. Catharines-Niagara",370,"study permits.csv supplement"
2018-05-01,"St. Catharines-Niagara",280,"study permits.csv supplement"
2018-06-01,"St. Catharines-Niagara",495,"study permits.csv supplement"
2018-07-01,"St. Catharines-Niagara",745,"study permits.csv supplement"
2018-08-01,"St. Catharines-Niagara",1580,"study permits.csv supplement"
2018-09-01,"St. Catharines-Niagara",390,"study permits.csv supplement"
2018-10-01,"St. Catharines-Niagara",200,"study permits.csv supplement"
2018-11-01,"St. Catharines-Niagara",470,"study permits.csv supplement"
2018-12-01,"St. Catharines-Niagara",835,"study permits.csv supplement"
2019-01-01,"St. Catharines-Niagara",265,"study permits.csv supplement"
2019-02-01,"St. Catharines-Niagara",170,"study permits.csv supplement"
2019-03-01,"St. Catharines-Niagara",205,"study permits.csv supplement"
2019-04-01,"St. Catharines-Niagara",440,"study permits.csv supplement"
2019-05-01,"St. Catharines-Niagara",335,"study permits.csv supplement"
2019-06-01,"St. Catharines-Niagara",305,"study permits.csv supplement"
2019-07-01,"St. Catharines-Niagara",585,"study permits.csv supplement"
2019-08-01,"St. Catharines-Niagara",995,"study permits.csv supplement"
2019-09-01,"St. Catharines-Niagara",445,"study permits.csv supplement"
2019-10-01,"St. Catharines-Niagara",105,"study permits.csv supplement"
2019-11-01,"St. Catharines-Niagara",175,"study permits.csv supplement"
2019-12-01,"St. Catharines-Niagara",835,"study permits.csv supplement"
2020-01-01,"St. Catharines-Niagara",310,"study permits.csv supplement"
2020-02-01,"St. Catharines-Niagara",110,"study permits.csv supplement"
2020-03-01,"St. Catharines-Niagara",100,"study permits.csv supplement"
2020-04-01,"St. Catharines-Niagara",270,"study permits.csv supplement"
2020-05-01,"St. Catharines-Niagara",325,"study permits.csv supplement"
2020-06-01,"St. Catharines-Niagara",265,"study permits.csv supplement"
2020-07-01,"St. Catharines-Niagara",145,"study permits.csv supplement"
2020-08-01,"St. Catharines-Niagara",385,"study permits.csv supplement"
2020-09-01,"St. Catharines-Niagara",575,"study permits.csv supplement"
2020-10-01,"St. Catharines-Niagara",175,"study permits.csv supplement"
2020-11-01,"St. Catharines-Niagara",235,"study permits.csv supplement"
2020-12-01,"St. Catharines-Niagara",365,"study permits.csv supplement"
2021-01-01,"St. Catharines-Niagara",290,"study permits.csv supplement"
2021-02-01,"St. Catharines-Niagara",240,"study permits.csv supplement"
2021-03-01,"St. Catharines-Niagara",240,"study permits.csv supplement"
2021-04-01,"St. Catharines-Niagara",380,"study permits.csv supplement"
2021-05-01,"St. Catharines-Niagara",200,"study permits.csv supplement"
2021-06-01,"St. Catharines-Niagara",285,"study permits.csv supplement"
2021-07-01,"St. Catharines-Niagara",370,"study permits.csv supplement"
2021-08-01,"St. Catharines-Niagara",1125,"study permits.csv supplement"
2021-09-01,"St. Catharines-Niagara",865,"study permits.csv supplement"
2021-10-01,"St. Catharines-Niagara",300,"study permits.csv supplement"
2021-11-01,"St. Catharines-Niagara",215,"study permits.csv supplement"
2021-12-01,"St. Catharines-Niagara",730,"study permits.csv supplement"
2022-01-01,"St. Catharines-Niagara",460,"study permits.csv supplement"
2022-02-01,"St. Catharines-Niagara",255,"study permits.csv supplement"
2022-03-01,"St. Catharines-Niagara",245,"study permits.csv supplement"
2022-04-01,"St. Catharines-Niagara",500,"study permits.csv supplement"
2022-05-01,"St. Catharines-Niagara",335,"study permits.csv supplement"
2022-06-01,"St. Catharines-Niagara",305,"study permits.csv supplement"
2022-07-01,"St. Catharines-Niagara",390,"study permits.csv supplement"
2022-08-01,"St. Catharines-Niagara",1410,"study permits.csv supplement"
2022-09-01,"St. Catharines-Niagara",635,"study permits.csv supplement"
2022-10-01,"St. Catharines-Niagara",180,"study permits.csv supplement"
2022-11-01,"St. Catharines-Niagara",245,"study permits.csv supplement"
2022-12-01,"St. Catharines-Niagara",1610,"study permits.csv supplement"
2023-01-01,"St. Catharines-Niagara",410,"study permits.csv supplement"
2023-02-01,"St. Catharines-Niagara",145,"study permits.csv supplement"
2023-03-01,"St. Catharines-Niagara",205,"study permits.csv supplement"
2023-04-01,"St. Catharines-Niagara",1115,"study permits.csv supplement"
2023-05-01,"St. Catharines-Niagara",395,"study permits.csv supplement"
2023-06-01,"St. Catharines-Niagara",305,"study permits.csv supplement"
2023-07-01,"St. Catharines-Niagara",560,"study permits.csv supplement"
2023-08-01,"St. Catharines-Niagara",2095,"study permits.csv supplement"
2023-09-01,"St. Catharines-Niagara",745,"study permits.csv supplement"
2023-10-01,"St. Catharines-Niagara",215,"study permits.csv supplement"
2023-11-01,"St. Catharines-Niagara",295,"study permits.csv supplement"
2023-12-01,"St. Catharines-Niagara",1370,"study permits.csv supplement"
2024-01-01,"St. Catharines-Niagara",405,"study permits.csv supplement"
2024-02-01,"St. Catharines-Niagara",235,"study permits.csv supplement"
2024-03-01,"St. Catharines-Niagara",300,"study permits.csv supplement"
2024-04-01,"St. Catharines-Niagara",555,"study permits.csv supplement"
2024-05-01,"St. Catharines-Niagara",190,"study permits.csv supplement"
2024-06-01,"St. Catharines-Niagara",235,"study permits.csv supplement"
2024-07-01,"St. Catharines-Niagara",335,"study permits.csv supplement"
2024-08-01,"St. Catharines-Niagara",975,"study permits.csv supplement"
2024-09-01,"St. Catharines-Niagara",1150,"study permits.csv supplement"
2024-10-01,"St. Catharines-Niagara",260,"study permits.csv supplement"
2024-11-01,"St. Catharines-Niagara",280,"study permits.csv supplement"
2024-12-01,"St. Catharines-Niagara",915,"study permits.csv supplement"
2016-01-01,"Toronto",1890,"student_permits_city_proxy_2015_2025_monthly.csv"
2016-02-01,"Toronto",1330,"student_permits_city_proxy_2015_2025_monthly.csv"
2016-03-01,"Toronto",1160,"student_permits_city_proxy_2015_2025_monthly.csv"
2016-04-01,"Toronto",1715,"student_permits_city_proxy_2015_2025_monthly.csv"
2016-05-01,"Toronto",2805,"student_permits_city_proxy_2015_2025_monthly.csv"
2016-06-01,"Toronto",3165,"student_permits_city_proxy_2015_2025_monthly.csv"
2016-07-01,"Toronto",2205,"student_permits_city_proxy_2015_2025_monthly.csv"
2016-08-01,"Toronto",7110,"student_permits_city_proxy_2015_2025_monthly.csv"
2016-09-01,"Toronto",4355,"student_permits_city_proxy_2015_2025_monthly.csv"
2016-10-01,"Toronto",1570,"student_permits_city_proxy_2015_2025_monthly.csv"
2016-11-01,"Toronto",2070,"student_permits_city_proxy_2015_2025_monthly.csv"
2016-12-01,"Toronto",4070,"student_permits_city_proxy_2015_2025_monthly.csv"
2017-01-01,"Toronto",1670,"student_permits_city_proxy_2015_2025_monthly.csv"
2017-02-01,"Toronto",895,"student_permits_city_proxy_2015_2025_monthly.csv"
2017-03-01,"Toronto",1115,"student_permits_city_proxy_2015_2025_monthly.csv"
2017-04-01,"Toronto",1675,"student_permits_city_proxy_2015_2025_monthly.csv"
2017-05-01,"Toronto",2405,"student_permits_city_proxy_2015_2025_monthly.csv"
2017-06-01,"Toronto",2070,"student_permits_city_proxy_2015_2025_monthly.csv"
2017-07-01,"Toronto",3290,"student_permits_city_proxy_2015_2025_monthly.csv"
2017-08-01,"Toronto",10365,"student_permits_city_proxy_2015_2025_monthly.csv"
2017-09-01,"Toronto",5440,"student_permits_city_proxy_2015_2025_monthly.csv"
2017-10-01,"Toronto",2260,"student_permits_city_proxy_2015_2025_monthly.csv"
2017-11-01,"Toronto",2320,"student_permits_city_proxy_2015_2025_monthly.csv"
2017-12-01,"Toronto",4560,"student_permits_city_proxy_2015_2025_monthly.csv"
2018-01-01,"Toronto",2670,"student_permits_city_proxy_2015_2025_monthly.csv"
2018-02-01,"Toronto",1210,"student_permits_city_proxy_2015_2025_monthly.csv"
2018-03-01,"Toronto",1475,"student_permits_city_proxy_2015_2025_monthly.csv"
2018-04-01,"Toronto",3375,"student_permits_city_proxy_2015_2025_monthly.csv"
2018-05-01,"Toronto",3020,"student_permits_city_proxy_2015_2025_monthly.csv"
2018-06-01,"Toronto",3995,"student_permits_city_proxy_2015_2025_monthly.csv"
2018-07-01,"Toronto",3410,"student_permits_city_proxy_2015_2025_monthly.csv"
2018-08-01,"Toronto",9210,"student_permits_city_proxy_2015_2025_monthly.csv"
2018-09-01,"Toronto",4535,"student_permits_city_proxy_2015_2025_monthly.csv"
2018-10-01,"Toronto",2185,"student_permits_city_proxy_2015_2025_monthly.csv"
2018-11-01,"Toronto",2755,"student_permits_city_proxy_2015_2025_monthly.csv"
2018-12-01,"Toronto",4975,"student_permits_city_proxy_2015_2025_monthly.csv"
2019-01-01,"Toronto",3175,"student_permits_city_proxy_2015_2025_monthly.csv"
2019-02-01,"Toronto",1680,"student_permits_city_proxy_2015_2025_monthly.csv"
2019-03-01,"Toronto",2565,"student_permits_city_proxy_2015_2025_monthly.csv"
2019-04-01,"Toronto",3885,"student_permits_city_proxy_2015_2025_monthly.csv"
2019-05-01,"Toronto",3645,"student_permits_city_proxy_2015_2025_monthly.csv"
2019-06-01,"Toronto",3325,"student_permits_city_proxy_2015_2025_monthly.csv"
2019-07-01,"Toronto",4790,"student_permits_city_proxy_2015_2025_monthly.csv"
2019-08-01,"Toronto",13470,"student_permits_city_proxy_2015_2025_monthly.csv"
2019-09-01,"Toronto",5490,"student_permits_city_proxy_2015_2025_monthly.csv"
2019-10-01,"Toronto",1955,"student_permits_city_proxy_2015_2025_monthly.csv"
2019-11-01,"Toronto",1595,"student_permits_city_proxy_2015_2025_monthly.csv"
2019-12-01,"Toronto",5915,"student_permits_city_proxy_2015_2025_monthly.csv"
2020-01-01,"Toronto",2415,"student_permits_city_proxy_2015_2025_monthly.csv"
2020-02-01,"Toronto",1300,"student_permits_city_proxy_2015_2025_monthly.csv"
2020-03-01,"Toronto",1210,"student_permits_city_proxy_2015_2025_monthly.csv"
2020-04-01,"Toronto",2630,"student_permits_city_proxy_2015_2025_monthly.csv"
2020-05-01,"Toronto",4600,"student_permits_city_proxy_2015_2025_monthly.csv"
2020-06-01,"Toronto",2870,"student_permits_city_proxy_2015_2025_monthly.csv"
2020-07-01,"Toronto",2115,"student_permits_city_proxy_2015_2025_monthly.csv"
2020-08-01,"Toronto",6020,"student_permits_city_proxy_2015_2025_monthly.csv"
2020-09-01,"Toronto",7055,"student_permits_city_proxy_2015_2025_monthly.csv"
2020-10-01,"Toronto",1945,"student_permits_city_proxy_2015_2025_monthly.csv"
2020-11-01,"Toronto",1640,"student_permits_city_proxy_2015_2025_monthly.csv"
2020-12-01,"Toronto",2955,"student_permits_city_proxy_2015_2025_monthly.csv"
2021-01-01,"Toronto",2790,"student_permits_city_proxy_2015_2025_monthly.csv"
2021-02-01,"Toronto",1930,"student_permits_city_proxy_2015_2025_monthly.csv"
2021-03-01,"Toronto",2785,"student_permits_city_proxy_2015_2025_monthly.csv"
2021-04-01,"Toronto",4040,"student_permits_city_proxy_2015_2025_monthly.csv"
2021-05-01,"Toronto",3870,"student_permits_city_proxy_2015_2025_monthly.csv"
2021-06-01,"Toronto",4525,"student_permits_city_proxy_2015_2025_monthly.csv"
2021-07-01,"Toronto",5050,"student_permits_city_proxy_2015_2025_monthly.csv"
2021-08-01,"Toronto",12585,"student_permits_city_proxy_2015_2025_monthly.csv"
2021-09-01,"Toronto",11405,"student_permits_city_proxy_2015_2025_monthly.csv"
2021-10-01,"Toronto",3945,"student_permits_city_proxy_2015_2025_monthly.csv"
2021-11-01,"Toronto",2930,"student_permits_city_proxy_2015_2025_monthly.csv"
2021-12-01,"Toronto",8890,"student_permits_city_proxy_2015_2025_monthly.csv"
2022-01-01,"Toronto",6135,"student_permits_city_proxy_2015_2025_monthly.csv"
2022-02-01,"Toronto",4175,"student_permits_city_proxy_2015_2025_monthly.csv"
2022-03-01,"Toronto",3920,"student_permits_city_proxy_2015_2025_monthly.csv"
2022-04-01,"Toronto",7610,"student_permits_city_proxy_2015_2025_monthly.csv"
2022-05-01,"Toronto",6170,"student_permits_city_proxy_2015_2025_monthly.csv"
2022-06-01,"Toronto",5115,"student_permits_city_proxy_2015_2025_monthly.csv"
2022-07-01,"Toronto",5505,"student_permits_city_proxy_2015_2025_monthly.csv"
2022-08-01,"Toronto",19965,"student_permits_city_proxy_2015_2025_monthly.csv"
2022-09-01,"Toronto",9940,"student_permits_city_proxy_2015_2025_monthly.csv"
2022-10-01,"Toronto",2935,"student_permits_city_proxy_2015_2025_monthly.csv"
2022-11-01,"Toronto",3195,"student_permits_city_proxy_2015_2025_monthly.csv"
2022-12-01,"Toronto",16080,"student_permits_city_proxy_2015_2025_monthly.csv"
2023-01-01,"Toronto",5985,"student_permits_city_proxy_2015_2025_monthly.csv"
2023-02-01,"Toronto",2615,"student_permits_city_proxy_2015_2025_monthly.csv"
2023-03-01,"Toronto",3285,"student_permits_city_proxy_2015_2025_monthly.csv"
2023-04-01,"Toronto",11415,"student_permits_city_proxy_2015_2025_monthly.csv"
2023-05-01,"Toronto",5280,"student_permits_city_proxy_2015_2025_monthly.csv"
2023-06-01,"Toronto",5035,"student_permits_city_proxy_2015_2025_monthly.csv"
2023-07-01,"Toronto",7110,"student_permits_city_proxy_2015_2025_monthly.csv"
2023-08-01,"Toronto",25350,"student_permits_city_proxy_2015_2025_monthly.csv"
2023-09-01,"Toronto",9165,"student_permits_city_proxy_2015_2025_monthly.csv"
2023-10-01,"Toronto",3020,"student_permits_city_proxy_2015_2025_monthly.csv"
2023-11-01,"Toronto",3690,"student_permits_city_proxy_2015_2025_monthly.csv"
2023-12-01,"Toronto",14155,"student_permits_city_proxy_2015_2025_monthly.csv"
2024-01-01,"Toronto",6475,"student_permits_city_proxy_2015_2025_monthly.csv"
2024-02-01,"Toronto",3115,"student_permits_city_proxy_2015_2025_monthly.csv"
2024-03-01,"Toronto",4860,"student_permits_city_proxy_2015_2025_monthly.csv"
2024-04-01,"Toronto",9000,"student_permits_city_proxy_2015_2025_monthly.csv"
2024-05-01,"Toronto",3800,"student_permits_city_proxy_2015_2025_monthly.csv"
2024-06-01,"Toronto",3555,"student_permits_city_proxy_2015_2025_monthly.csv"
2024-07-01,"Toronto",3540,"student_permits_city_proxy_2015_2025_monthly.csv"
2024-08-01,"Toronto",11225,"student_permits_city_proxy_2015_2025_monthly.csv"
2024-09-01,"Toronto",5120,"student_permits_city_proxy_2015_2025_monthly.csv"
2024-10-01,"Toronto",3500,"student_permits_city_proxy_2015_2025_monthly.csv"
2024-11-01,"Toronto",3300,"student_permits_city_proxy_2015_2025_monthly.csv"
2024-12-01,"Toronto",5335,"student_permits_city_proxy_2015_2025_monthly.csv"
